family_group	mutant	protein_group	sample_id	wildtype
family_0	G	protein_0	toy_000	A
family_0	P	protein_0	toy_001	I
family_0	C	protein_0	toy_002	L
family_1	E	protein_1	toy_003	V
family_1	Y	protein_1	toy_004	K
family_1	W	protein_1	toy_005	R
family_2	G	protein_2	toy_006	A
family_2	P	protein_2	toy_007	I
family_2	C	protein_2	toy_008	L
family_3	E	protein_3	toy_009	V
family_3	Y	protein_3	toy_010	K
family_3	W	protein_3	toy_011	R
family_4	G	protein_4	toy_012	A
family_4	P	protein_4	toy_013	I
family_4	C	protein_4	toy_014	L
family_5	E	protein_5	toy_015	V
family_5	Y	protein_5	toy_016	K
family_5	W	protein_5	toy_017	R
